mean_IoU,mean_stability,num_frames
0.995704285438793,0.5854289245343645,480
