model,track_km_6h,along_err_km_6h,cross_err_km_6h,cone_cov50_6h,cone_cov90_6h,track_km_12h,along_err_km_12h,cross_err_km_12h,cone_cov50_12h,cone_cov90_12h,track_km_24h,along_err_km_24h,cross_err_km_24h,cone_cov50_24h,cone_cov90_24h,track_km_48h,along_err_km_48h,cross_err_km_48h,cone_cov50_48h,cone_cov90_48h,landfall_time_err_hours
LSTM,3440.8715973021735,-1623.6158217065865,2276.0635940034563,0.0,0.0,740.6347838850014,258.65847884717505,171.34365106608024,0.0,0.0,1251.5561346294041,-748.4019941106586,-345.41056863078666,0.0,0.0,1167.317450316973,-851.8280653107244,664.7246322598703,1.0,1.0,10.0
Transformer,7820.235438168539,5100.731991554437,2840.3997168949204,0.0,0.0,2829.7602088125577,-708.1503393120362,2283.486248679698,0.0,0.0,12566.195951690835,-1260.7705892141637,9224.748598844468,0.0,0.0,1020.0520109923787,476.47728722626107,432.3868459532384,0.0,0.0,
GNO+DynGNN,619.5792396391676,-115.20648424392569,316.6599470572003,1.0,1.0,587.1394032422955,-0.35947985733167165,307.00996352904247,1.0,1.0,878.0277414355891,-579.6026936315525,481.4697012972017,1.0,1.0,935.9351094985044,-158.86032352683526,741.8927258360442,1.0,1.0,10.0
